Patron ID,Email
8977,walkerjeremy@long.org
8977,hfoster@yahoo.com
8977,kimberly34@lee.biz
8977,jeffrey24@romero.info
2798,tarasanchez@robinson.com
2798,cgreen@hotmail.com
2798,emurphy@ellis.org
2798,jacquelinemontgomery@gmail.com
3660,wcochran@hotmail.com
3660,mckeeeric@ellis.com
3660,dhays@ellison-anderson.org
3660,jamescarmen@gmaill.com
5966,frazierjanice@gmaill.com
5966,gmartinez@koch.org
5966,williamsanna@yahoo.com
5966,amiller@keller.biz
5287,theodorewilson@blair.com
5287,stephenweeks@barron.com
5287,normantravis@greer.com
8101,howardcarlos@gmail.com
8548,laurenfields@yahoo.com
8548,oserrano@hotmail.com
8548,uwilliams@rodriguez.com
8548,lmiller@hotmail.com
7040,vanessa45@yaho.com
6523,browneric@patton.biz
9432,joshuaparker@hotmal.com
9432,perezsarah@yahoo.com
9432,cynthiaholmes@brennan.com
3194,collierdiana@ortiz.com
6339,mckaylinda@hotmail.com
3054,yjohns@bass.com
9827,ryan82@yahoo.com
9827,mark55@yahoo.com
9827,clarkdeborah@mejia-holmes.com
9671,fsteele@hotmail.com
5032,simpsondouglas@ortiz-miles.net
5032,allen24@yahoo.com
5032,monicadiaz@hotmail.com
3240,hartjames@hotmail.com
3240,hhoward@silva.org
3240,shelbyreed@gmail.com
3240,xmacias@hotmail.com
8308,jennifernorton@hotmail.com
8308,langtanya@gmal.com
3434,alejandro66@patrick-curry.biz
3434,mooresusan@yaho.com
3434,tuckergloria@rodgers-hall.net
3434,richardallen@gmail.com
5049,sperez@martinez.com
5049,mendezmichelle@joseph-harris.info
5049,alexanderjoseph@hotmail.com
6846,andreahines@yahoo.com
6846,courtneychang@hotmail.com
4348,cmarshall@hobbs.net
2976,ssanders@hotmail.com
9859,michael43@hall-lee.com
9859,harperluke@gmail.com
9859,millsfrank@hudson.com
5301,corey36@gmail.com
5301,zacharywilliams@hotmail.com
5767,richard99@hampton.com
1089,samantha08@hotmail.com
1089,andrewsrandy@howard.com
1089,christine62@hotmail.com
1089,linshawn@burnett.com
4051,william10@hotmail.com
4051,barrettsean@yahoo.com
4051,mcgrathmichelle@mccarthy.com
4051,sherry71@ward-hernandez.com
3514,christopher25@rodriguez.com
3514,plam@hotmail.com
3953,greg46@hotmail.com
3953,gregoryschmidt@outlok.com
3953,megan16@ross.net
3953,rodrigueztonya@gmail.com
6366,bjones@hotmail.com
6366,xavierwhite@arnold-taylor.net
6366,michellemorgan@walker.com
6366,kelly54@yahoo.com
4566,cynthiarogers@moore.info
5418,wustephanie@hotmail.com
3677,april70@hernandez.biz
3677,brownjames@harris-orozco.info
3677,mathew49@mcfarland-yoder.info
3677,elizabethjones@gmail.com
7564,yolson@gmaill.com
9655,christopher66@gmail.com
9655,garciamark@parker.info
9655,beth24@butler-logan.net
1459,millersherry@gmaill.com
1459,millernicole@stanley-harris.com
1459,herringstanley@yaho.com
1459,deborah76@moses-rangel.com
8265,lkelly@butler-bradford.biz
8265,jessicaramirez@kim-clark.com
8265,rowens@yahoo.com
8265,eric41@yahoo.com
2014,walkerlindsey@lewis.com
4862,dwood@martinez.com
4862,robynmooney@hotmail.com
4862,hannahcolon@hotmail.com
8161,dwilliams@hotmail.com
4107,cooleyaustin@solis.com
1102,warrendaniel@gmail.com
1102,xwilson@olsen-morgan.org
3203,katiecarr@daniels-olsen.com
6522,andrea62@gmail.com
6522,gpayne@hotmail.com
6522,paul49@yahoo.com
6522,jasonhancock@cook.com
4526,reeveslinda@underwood.com
3973,kaylaprice@york-vance.com
9734,victoria10@gmal.com
9734,hansonchristine@hotmail.com
9734,awoods@hotmail.com
9153,deantravis@russo-nelson.org
9153,burnsamber@luna-solis.net
9153,jonesmelanie@stokes.com
7103,michellelane@cox.com
7103,garystevens@yaho.com
7103,shepardrachel@olson-arnold.com
7103,mcdanielkelly@kelly.biz
3561,campbellchristina@yahoo.com
3561,fishermaureen@walsh-davis.info
3561,wlarsen@vincent.org
7963,daniel74@bryan.com
6801,thomaswelch@adams-castillo.com
6801,james92@hotmail.com
6801,helenclark@hoffman-salazar.biz
6801,vheath@yahoo.com
2085,smalljessica@hotmail.com
2085,tonyagutierrez@wheeler.com
2085,elizabeth72@hotmail.com
2085,amy22@yahoo.com
3927,charles63@ramos.com
3927,doughertyjesse@gmaill.com
3927,rowens@gmail.com
4039,emilylopez@yahoo.com
4039,brandy72@mcguire.net
2481,carrie32@forbes.com
2481,donald21@houston.com
2481,qfox@outlok.com
2481,ujohnson@luna-riddle.net
5321,flowersdavid@hotmail.com
5321,kevin68@gmal.com
5321,heidimartinez@gmail.com
5321,castroryan@yahoo.com
9139,victoria52@galvan.com
9139,adrian20@chang.com
1854,mayertammy@collins-vasquez.org
1854,stephaniewu@gmail.com
2173,lance98@hotmail.com
2936,lawrence72@olson.com
2936,tsuarez@ford.net
3140,bday@odom-archer.com
5967,lisa94@wong.biz
5967,marktorres@yahoo.com
5967,schmidtkeith@yahoo.com
9965,kelly82@solomon.info
9965,amber39@johnson.net
2136,brittney12@lee-williamson.org
2136,qkoch@gmal.com
2136,mgonzalez@meyer.net
2581,alyssagarcia@gmail.com
2581,steven65@jackson.com
2581,scottrobinson@yaho.com
2581,regina95@christian.com
2433,shelby30@olsen-oliver.com
2433,johnbrown@gmail.com
2433,ecopeland@gmail.com
2433,hjohns@gmail.com
6197,antoniomalone@gmail.com
6197,xjackson@hotmail.com
9821,klinejose@gmail.com
9821,brittanybenson@galvan.com
9821,montoyajames@aguilar-hancock.info
9821,jeffrey81@cooper.com
2686,oarmstrong@gmail.com
4646,edward64@hotmail.com
4646,watsonzachary@gonzalez-ochoa.com
4646,barbarajordan@douglas.net
4646,alexander72@barton-harris.org
4944,gdickerson@gmal.com
6816,kharris@yahoo.com
6816,calhouneric@yahoo.com
6816,jamesberry@gmail.com
6586,rubenwelch@yahoo.com
6586,kevinmoore@jackson.com
6586,kelly55@gmail.com
6586,smithanne@hotmail.com
7022,ujackson@reed-perez.com
7022,mmckinney@yahoo.com
6605,wesleyjones@gibson.com
6605,jamesharrison@ray-sherman.com
4668,ereese@hotmail.com
4668,powellrebecca@powell.biz
4668,davischristopher@guerra.com
1288,ellendavis@smith.com
1288,john56@stone.org
8361,umalone@yahoo.com
8361,daltonmichael@gmaill.com
7369,jacob66@yahoo.com
7369,snydertanya@smith.biz
7369,erin14@parker.com
1825,javierperez@davis.com
1825,jon30@tate.biz
1825,morgan45@hotmail.com
1348,thomassamuel@gmaill.com
1550,harrypatterson@yahoo.com
3506,traciemcpherson@palmer.com
3141,xhubbard@garcia.biz
3141,simpsonluis@williams.com
3141,howardaaron@sanchez.com
3141,katherine49@scott.com
7497,robertmunoz@hotmail.com